source,cos_sim,target,level
"Пожалел Иван-царевич селезня — не тронул его, пошел дальше голодный.",0.328402354690698,Пошёл Иван-царевич голодным дальше.,"A2, B1"
"В некотором царстве, в некотором государстве жил-был царь, и было у него три сына. Младшего звали Иван-царевич. Позвал однажды царь сыновей и говорит им: ",0.867470814466098,"В некотором царстве, в некотором государстве жил-был царь, и было у него три сына. Младшего звали Иван-царевич.","A2, B1"
"И покатился по дороге — только Волк его и видел!
Катится Колобок, навстречу ему Медведь:
— Колобок, Колобок, я тебя съем!
— Где тебе, косолапому, съесть меня!",0.360902501304439,"Катится Колобок, навстречу ему Медведь: — Колобок, Колобок, я тебя съем! — Не ешь меня, Медведь! Я тебе песенку спою: Я Колобок, Колобок, Я от дедушки ушёл, Я от бабушки ушёл, От Зайца ушёл,  От Волка ушёл,  От тебя, Медведь, тоже уйду!",A1
"— Бери квакушку, ничего не поделаешь!",0.233625795458448,— Бери лягушку в жёны – это твоя судьба.,"A2, B1"
И тут же дал сыновьям новый приказ:,0.699948168924638,И тут же дал сыновьям новое задание:,"A2, B1"
"Как встали гости из-за стола, заиграла музыка, начались пляски. Пошла Василиса Премудрая плясать с Иваном-царевичем. Махнула левым рукавом — стало озеро, махнула правым — поплыли по озеру белые лебеди. Царь и все гости диву дались. А как перестала она плясать, все исчезло: и озеро и лебеди. Пошли плясать жены старших царевичей. Как махнули своими левыми рукавами — всех гостей забрызгали; как махнули правыми — костями-огрызками осыпали, самому царю костью чуть глаз не выбили. Рассердился царь и приказал их выгнать вон из горницы. Когда пир был на исходе, Иван-царевич улучил минутку и побежал домой. Разыскал лягушечью кожу и спалил ее на огне. Приехала Василиса Премудрая домой, хватилась — нет лягушечьей кожи! Бросилась она искать ее. Искала, искала — не нашла и говорит Ивану-царевичу:",0.509236385661131,"Вдруг все услышали страшный шум и очень испугались, посмотрели в окна и увидели красивую золотую карету. Подъехала карета, и вышла из нее Василиса Премудрая. Прекрасная, как солнце! Сели все гости за стол, стали есть, пить и веселиться. Василиса Премудрая ест, а остатки себе в правый рукав кладет; пьёт, а остатки в левый рукав льёт. Жены старших царевичей смотрят на неё и за ней повторяют, а зачем — сами не знают. Заиграла музыка, стали танцевать. Пошла Василиса Премудрая танцевать с Иваном-царевичем. Махнула левым рукавом — появилось озеро, махнула правым — поплыли по озеру белые лебеди. Царь и все гости удивляются такой красоте. Пошли танцевать жены старших царевичей. Как махнули своими руками — всех гостей и царя испачкали. А Иван-царевич, пока все веселились, побежал домой, нашёл лягушачью кожу и бросил в огонь. Приехала Василиса Премудрая домой и увидела, что нет её лягушачьей кожи. Крикнула:","A2, B1"
"Не успел подумать, а заяц тут как тут: догнал другого зайца, ухватил и разорвал пополам. Вылетела из того зайца утка и поднялась высоко-высоко в небо.",0.441258062403629,"Выпрыгнул из ларца заяц и побежал, но его догнал заяц, который обещал помочь Ивану-царевичу. Вылетела из зайца утка и полетела высоко-высоко в небо, но догнал её селезень.","A2, B1"
"Идет он чистым полем, глядь — а над ним летит большой селезень.",0.316083692788009,"Идёт Иван-царевич дальше, видит - летит большой селезень.","A2, B1"
"Пустил стрелу старший брат. Упала стрела на боярский двор, и подняла ее боярская дочь. Пустил стрелу средний брат — полетела стрела к богатому купцу во двор. Подняла ее купеческая дочь. Пустил стрелу Иван-царевич — полетела его стрела прямо в топкое болото, и подняла ее лягушка-квакушка…",0.473533486012028,Стрела среднего брата прилетела на богатый купеческий двор. Подняла ее купеческая дочь. Стрела Ивана-царевича упала в болото рядом с лягушкой.,"A2, B1"
Старик и спрашивает:,0.412374781824569,Удивился старик и пошёл домой. Рассказал он всё старухе и спрашивает:,B1
"В некотором царстве жил-был купец. Двенадцать лет жил он в супружестве и прижил только одну дочь, Василису Прекрасную. Когда мать скончалась, девочке было восемь лет. Умирая, купчиха призвала к себе дочку, вынула из-под одеяла куклу, отдала ей и сказала: — Слушай, Василисушка! Помни и исполни последние мои слова. Я умираю и вместе с родительским благословением оставляю тебе вот эту куклу; береги ее всегда при себе и никому не показывай; а когда приключится тебе какое горе, дай ей поесть и спроси у нее совета. Покушает она и скажет тебе, чем помочь несчастью. Затем мать поцеловала дочку и померла. После смерти жены купец потужил, как следовало, а потом стал думать, как бы опять жениться. Он был человек хороший; за невестами дело не стало, но больше всех по нраву пришлась ему одна вдовушка. Она была уже в летах, имела своих двух дочерей, почти однолеток Василисе, — стало быть, и хозяйка, и мать опытная. Купец женился на вдовушке, но обманулся и не нашел в ней доброй матери для своей Василисы. Василиса была первая на все село красавица; мачеха и сестры завидовали ее красоте, мучили ее всевозможными работами, чтоб она от трудов похудела, а от ветру и солнца почернела; совсем житья не было! Василиса все переносила безропотно и с каждым днем все хорошела и полнела, а между тем мачеха с дочками своими худела и дурнела от злости несмотря на то, что они всегда сидели сложа руки, как барыни. Как же это так делалось? Василисе помогала ее куколка. Без этого, где бы девочке сладить со всею работою! Зато Василиса сама, бывало, не съест, а уж куколке оставит самый лакомый кусочек, и вечером, как все улягутся, она запрется в чуланчике, где жила, и потчевает ее, приговаривая: — На, куколка, покушай, моего горя послушай! Живу я в доме у батюшки, не вижу себе никакой радости; злая мачеха гонит меня с белого света. Научи ты меня, как мне быть и жить и что делать? Куколка покушает, да потом и дает ей советы и утешает в горе, а наутро всякую работу справляет за Василису; та только отдыхает в холодочке да рвет цветочки, а у нее уж и гряды выполоты, и капуста полита, и вода наношена, и печь вытоплена. Куколка еще укажет Василисе и травку от загару. Хорошо было жить ей с куколкой. Прошло несколько лет; Василиса выросла и стала невестой. Все женихи в городе присватываются к Василисе; на мачехиных дочерей никто и не посмотрит. Мачеха злится пуще прежнего и всем женихам отвечает: — Не выдам меньшой прежде старших! А проводя женихов, побоями вымещает зло на Василисе. Вот однажды купцу понадобилось уехать из дому на долгое время по торговым делам. Мачеха и перешла на житье в другой дом, а возле этого дома был дремучий лес, а в лесу на поляне стояла избушка, а в избушке жила Баба-яга; никого она к себе не подпускала и ела людей, как цыплят. Перебравшись на новоселье, купчиха то и дело посылала за чем-нибудь в лес ненавистную ей Василису, но эта завсегда возвращалась домой благополучно: куколка указывала ей дорогу и не подпускала к избушке Бабы-яги. Пришла осень. Мачеха раздала всем трем девушкам вечерние работы: одну заставила кружева плести, другую чулки вязать, а Василису прясть. Погасила огонь во всем доме, оставила только одну свечку там, где работали девушки, и сама легла спать. Девушки работали. Вот нагорело на свечке; одна из мачехиных дочерей взяла щипцы, чтоб поправить светильню, да вместо того, по приказу матери, как будто нечаянно и потушила свечку. — Что теперь нам делать? — говорили девушки. — Огня нет в целом доме. Надо сбегать за огнем к Бабе-яге! — Мне от булавок светло! — сказала та, что плела кружево. — Я не пойду. — И я не пойду, — сказала та, что вязала чулок. — Мне от спиц светло! — Тебе за огнем идти, — закричали обе. — Ступай к Бабе-яге! И вытолкали Василису из горницы. Василиса пошла в свой чуланчик, поставила перед куклою приготовленный ужин и сказала: — На, куколка, покушай да моего горя послушай: меня посылают за огнем к бабе-яге; Баба-яга съест меня! Куколка поела, и глаза ее заблестели, как две свечки. — Не бойся, Василисушка! — сказала она. — Ступай, куда посылают, только меня держи всегда при себе. При мне ничего не станется с тобой у Бабы-яги. Василиса собралась, положила куколку свою в карман и, перекрестившись, пошла в дремучий лес. Идет она и дрожит. Вдруг скачет мимо ее всадник: сам белый, одет в белом, конь под ним белый, и сбруя на коне белая, — на дворе стало рассветать. Идет она дальше, как скачет другой всадник: сам красный, одет в красном и на красном коне, — стало всходить солнце. Василиса прошла всю-ночь и весь день, только к следующему вечеру вышла на полянку, где стояла избушка Яги-бабы; забор вокруг избы из человечьих костей, на заборе торчат черепа людские с глазами; вместо дверей у ворот — ноги человечьи, вместо запоров — руки, вместо замка — рот с острыми зубами. Василиса обомлела от ужаса и стала как вкопанная. Вдруг едет опять всадник: сам черный, одет во всем черном и на черном коне; подскакал к воротам Бабы-яги и исчез, как сквозь землю провалился, — настала ночь. Но темнота продолжалась недолго: у всех черепов на заборе засветились глаза, и на всей поляне стало светло, как среди дня. Василиса дрожала со страху, но, не зная, куда бежать, оставалась на месте. Скоро послышался в лесу страшный шум: деревья трещали, сухие листья хрустели; выехала из лесу Баба-яга — в ступе едет, пестом погоняет, помелом след заметает. Подъехала к воротам, остановилась и, обнюхав вокруг себя, закричала: — Фу, фу! Русским духом пахнет! Кто здесь? Василиса подошла к старухе со страхом и, низко поклоняясь, сказала: — Это я, бабушка! Мачехины дочери прислали меня за огнем к тебе. — Хорошо, — сказала Баба-яга, — знаю я их, поживи ты наперед да поработай у меня, тогда и дам тебе огня; а коли нет, так я тебя съем! Потом обратилась к воротам и вскрикнула: — Эй, запоры мои крепкие, отомкнитесь; ворота мои широкие, отворитесь! Ворота отворились, а Баба-яга въехала, посвистывая, за нею вошла Василиса, а потом опять все заперлось. Войдя в горницу, Баба-яга растянулась и говорит Василисе: — Подавай-ка сюда, что там есть в печи: я есть хочу. Василиса зажгла лучину от тех черепов, что на заборе, и начала таскать из печки да подавать яге кушанье, а кушанья настряпано было человек на десять; из погреба принесла она квасу, меду, пива и вина. Все съела, все выпила старуха; Василисе оставила только щец немножко, краюшку хлеба да кусочек поросятины. Стала яга-баба спать ложиться и говорит: — Когда завтра я уеду, ты смотри — двор вычисти, избу вымети, обед состряпай, белье приготовь да пойди в закром, возьми четверть пшеницы и очисть ее от чернушки. Да чтоб все было сделано, а не то — съем тебя! После такого наказу Баба-яга захрапела; а Василиса поставила старухины объедки перед куклою, залилась слезами и говорила: — На, куколка, покушай, моего горя послушай! Тяжелую дала мне яга-баба работу и грозится съесть меня, коли всего не исполню; помоги мне! Кукла ответила: — Не бойся, Василиса Прекрасная! Поужинай, помолися да спать ложися; утро мудреней вечера! Ранешенько проснулась Василиса, а Баба-яга уже встала, выглянула в окно: у черепов глаза потухают; вот мелькнул белый всадник — и совсем рассвело. Баба-яга вышла на двор, свистнула — перед ней явилась ступа с пестом и помелом. Промелькнул красный всадник — взошло солнце. Баба-яга села в ступу и выехала со двора, пестом погоняет, помелом след заметает. Осталась Василиса одна, осмотрела дом бабы-яги, подивилась изобилью во всем и остановилась в раздумье: за какую работу ей прежде всего приняться. Глядит, а вся работа уже сделана; куколка выбирала из пшеницы последние зерна чернушки. — Ах ты, избавительница моя! — сказала Василиса куколке. — Ты от беды меня спасла. — Тебе осталось только обед состряпать, — отвечала куколка, влезая в карман Василисы. — Состряпай с богом, да и отдыхай на здоровье! К вечеру Василиса собрала на стол и ждет Бабу-ягу. Начало смеркаться, мелькнул за воротами черный всадник — и совсем стемнело; только светились глаза у черепов. Затрещали деревья, захрустели листья — едет баба-яга. Василиса встретила ее. — Все ли сделано? — спрашивает яга. — Изволь посмотреть сама, бабушка! — молвила Василиса. Баба-яга все осмотрела, подосадовала, что не за что рассердиться, и сказала: — Ну, хорошо! Потом крикнула: — Верные мои слуги, сердечные други, смолите мою пшеницу! Явились три пары рук, схватили пшеницу и унесли вон из глаз. Баба-яга наелась, стала ложиться спать и опять дала приказ Василисе: — Завтра сделай ты то же, что и нынче, да сверх того возьми из закрома мак да очисти его от земли по зернышку, вишь, кто-то по злобе земли в него намешал! Сказала старуха, повернулась к стене и захрапела, а Василиса принялась кормить свою куколку. Куколка поела и сказала ей по-вчерашнему:",0.289691142526776,"
Жила-была красивая девушка Василиса Прекрасная. Её мама умерла, поэтому она осталась с мачехой и её двумя дочерями.  Мачеха и её дочери не любили Василису Прекрасную, заставляли её много работать. Но во всех трудных делах ей помогала волшебная кукла, которую ей дала родная мать перед смертью. Однажды злая мачеха и её дочери послали Василису к Бабе-Яге в лес за огнём, они хотели, чтобы Баба-Яга съела девушку. 
Пошла Василиса в лес и взяла с собой волшебную куколку. Шла она шла и вдруг встретила белого всадника. Поняла девушка, что это – белый день. Пошла она дальше и встретила красного всадника. Поняла Василиса, что это – Солнце красное. Долго шла красавица по лесу и увидела чёрного всадника. Это была ночь чёрная. Все они были слуги Бабы -Яги.
Пришла Василиса к Бабе-Яге, рассказала, что сёстры послали её за огнём. Колдунья дала девушке трудные задания. Василиса выполнила всё сделала с помощью маминой волшебной куколки, поэтому Баба-Яга отпустила её домой и дала огонь. Когда Василиса Прекрасная вернулась домой, этот волшебный огонь сжёг злую мачеху и её дочерей.                ","A2, B1"
"— Не трогай, — говорит, — моих деревьев: ведь они все живые, тоже жить хотят. Лучше попроси у меня, чего тебе надобно, — всё дам.",0.398878029096264,"— Не руби мои деревья! Они все живые и тоже жить хотят! Лучше попроси у меня всё, что хочешь.",B1
«Убью этого зайца! — думает царевич. — Очень уж есть хочется…»,0.92226801580657,«Убью этого зайца! — думает царевич. — Очень есть хочется…»,"A2, B1"
"Барин говорит: «Давай, мужик, меняться на тулуп». Мужик говорит: «Барин, придачу надо!» — «Сколько?» — «Пятерочку».",0.184295668987322,"Барин говорит:   — Давай, мужик, поменяем мою шубу на твой кафтан.  ",B1
"Барин достает пять рублей, мужик берет их и подает барину кафтан, а у барина берет шубу. Барин надел кафтан и поехал. А мужик взял шубу и пошагал домой.",0.178037132667627,"— Пять рублей, — отвечает мужик. ",B1
"Катится Колобок по дороге, навстречу ему Заяц:",0.529248103711643,"Колобок лежал, лежал и вдруг покатился с окна на лавку, с лавки на пол, а потом — на улицу. Катится Колобок по дороге, навстречу ему Заяц:",A1
"Царевич взял жар-птицу, пошел за город, сел на коня златогривого вместе с прекрасной королевной Еленою и поехал в свое отечество, в государство царя Выслава Андроновича.",0.31566373544203,"Пришло время отдавать коня златогривого. Попросил Иван-царевич Серого Волка опять помочь ему. Превратился волк в коня, и отдал его Иван царю Долмату. Получил Иван-царевич жар-птицу, и вместе с Еленой Прекрасной сели они на настоящего златогривого коня и поехали дальше. На следующий день Серый волк опять превратился в волка и побежал за Иваном и Еленой Прекрасной.","B1, B2"
"— Ну как, мужичок, надумал, чего тебе надобно?",0.293481304457737,"— Ну, старик, придумал, что тебе нужно?",B1
"Думали, думали старик со старухой — ничего придумать не могут: всё, что нужно, у них есть, а чего нет, то они своими трудами всегда заработать могут. Встал старик с лавки и говорит:",0.732534346154847,"Думали, думали старик со старухой — ничего придумать не могут: всё, что нужно, у них есть. А чего нет, то они своим трудом всегда заработать могут.",B1
"Прицелился он, а медведь вдруг и говорит ему человеческим голосом:",0.380727115534484,"Иван-царевич хотел его убить, а селезень говорит человеческим голосом:","A2, B1"
"Пустил стрелу старший брат. Упала стрела на боярский двор, и подняла ее боярская дочь. Пустил стрелу средний брат — полетела стрела к богатому купцу во двор. Подняла ее купеческая дочь. Пустил стрелу Иван-царевич — полетела его стрела прямо в топкое болото, и подняла ее лягушка-квакушка…",0.520696565446246,"Стрела старшего брата прилетела на боярский двор, и подняла ее боярская дочь.","A2, B1"
"И опять покатился — только Медведь его и видел!
Катится Колобок, навстречу ему Лиса:
— Колобок, Колобок, куда катишься?",0.314775423932943,И покатился Колобок дальше.,A1
"Вот неделя, другая проходит, Еще пуще старуха вздурилась: Царедворцев за мужем посылает, Отыскали старика, привели к ней. Говорит старику старуха: «Воротись, поклонися рыбке. Не хочу быть вольною царицей, Хочу быть владычицей морскою, Чтобы жить мне в Окияне-море, Чтоб служила мне рыбка золотая И была б у меня на посылках».",0.253358635948524,"Вернулся старик к старухе. Перед ним дворец. Во дворце за столом сидит его старуха. Теперь она царица. Служат ей бояре и дворяне, а вокруг неё стоит стража. Испугался старик, поклонился старухе и спросил, довольна ли она теперь. Но на старика старуха даже не посмотрела, приказала из дворца его выгнать. Прошло время. Опять посылает старуха старика к золотой рыбке. Говорит, что уже не хочет быть просто царицей, а хочет быть царицей морской, и чтобы золотая рыбка служила ей.  ","A2, B1"
"Жили-были старик со старухой.
Вот и говорит старик старухе:
— Поди-ка, старуха, по коробу поскреби, по сусеку помети, не наскребешь ли муки на колобок.",0.117977109860179,"— Испеки, бабка, колобок.— У нас муки нет. — А ты иди поищи.",A1
"В некотором было царстве, в некотором государстве был-жил царь, по имени Выслав Андронович. У него было три сына-царевича: первый — Димитрий-царевич, другой — Василий-царевич, а третий — Иван-царевич.",0.37217776244068,"В некотором государстве жил-был царь. У него было три сына-царевича: первый — Дмитрий-царевич, второй — Василий-царевич, а третий — Иван-царевич. У этого царя был сад богатый, и была там яблоня с золотыми яблоками. Начала в сад этот летать жар-птица и уносить золотые яблоки. Дал царь задание своим сыновьям поймать птицу. В первую ночь пошёл в сад старший сын и проспал всю ночь. Во вторую ночь пошёл в сад средний сын и тоже проспал до утра. В третью ночь пошёл за жар-птицей младший сын Иван-царевич. Он не спал всю ночь. Прилетела жар-птица, схватил её Иван, но не удержал. Принёс царю только одно золотое перо. Посмотрел царь на это перо и захотел, чтобы такая красивая птица жила в его царстве. Послал царь сыновей за жар-птицей. Сели братья на коней и отправились в путь. Каждый поехал своей дорогой.","B1, B2"
"Вышел он к синему морю и видит: на берегу, на желтом песке, лежит щука-рыба. Говорит Иван-царевич:",0.636394550675264,Подошёл он к синему морю и видит: на берегу лежит щука. Говорит Иван-царевич:,"A2, B1"
"Надел старик шапку, вышли они на огород и принялись дочку из снега лепить. Скатали они снежной ком, ручки, ножки приладили, сверху снежную голову приставили. Вылепил старик носик, рот, подбородок. Глядь — а у Снегурочки губы порозовели, глазки открылись; смотрит она на стариков и улыбается. Потом закивала головкой, зашевелила ручками, ножками, стряхнула с себя снег — и вышла из сугроба живая девочка. Обрадовались старики, привели ее в избу. Глядят на нее, не налюбуются. И стала расти у стариков дочка не по дням, а по часам; что ни день, то все краше становится. Сама беленькая, точно снег, коса русая до пояса, только румянца нет вовсе. Не нарадуются старики на дочку, души в ней не чают. Растет дочка и умная, и смышленая, и веселая. Со всеми ласковая, приветливая. И работа у Снегурочки в руках спорится, а песню запоет — заслушаешься.",0.467461291868161,"Жили-были дед и баба. Жили они хорошо, дружно, но детей у них не было. Пришла зима снежная, вышли дети на улицу играть, а дед и баба на них из окна смотрят и грустят. И решили они из снега себе дочку сделать. Надел дед шапку, вышли они на улицу и начали дочку из снега лепить. Сделали они из снега руки, ноги, сверху снежную голову поставили. Сделал дед нос, рот, глаза. Смотрят, у Снегурочки губы стали розовыми, глаза открылись. Стоит Снегурочка и улыбается. Вышла из снега живая девочка. Обрадовались старики, привели её в дом. Смотрят на неё – любуются. Стала быстро расти девочка: красивая, белая как снег, волосы длинные русые. Радуются дед с бабой. Растёт дочка умная, весёлая, добрая. И работает хорошо Снегурочка, и поёт хорошо. Пришла весна. На небе тёплое весеннее солнышко, на земле зелёная трава, птицы поют. А Снегурочка стала грустной. Не радуют её цветы и птицы, только и ждёт она дождя и прохлады. За весной лето пришло. Собрались девушки в лес, позвали Снегурочку гулять, песни петь и танцевать. Пришли девушки в лес. Стали цветы собирать, песни петь, танцевать. Только одной Снегурочке невесело. Вечером сделали они костёр и начали через него прыгать. Прыгнула и Снегурочка, но вдруг стала белым облаком. Полетело облако высоко в небо.  ","A1, A2"
"— Что же ты, брат, без жены пришел? Хоть бы в платочке ее принес, дал бы нам всем послушать, как она квакает!",0.367862446456368,— Что же ты без жены пришёл?,"A2, B1"
"— Колобок, Колобок, я тебя съем!
— Не ешь меня, Заяц, я тебе песенку спою:
Я Колобок, Колобок,
Я по коробу скребен,
По сусеку метен,
На сметане мешон
Да в масле пряжон,
На окошке стужон.
Я от дедушки ушел,
Я от бабушки ушел,
От тебя, зайца, подавно уйду!",0.385287419239939,"— Колобок, Колобок, я тебя съем! — Не ешь меня, Заяц, я тебе песенку спою: Я Колобок, Колобок, Я от дедушки ушёл, Я от бабушки ушёл, От тебя, Заяц, тоже уйду!",A1
Вдруг бежит навстречу ему косой заяц.,0.650761975753665,Вдруг бежит заяц.,"A2, B1"
"— Я, старуха, придумал, чего у Лесного Деда просить надо!",0.45996909813913,"— А я придумал, что у Лесного Деда попросить!",B1
"— Его смерть — на конце иглы, та игла — в яйце, то яйцо — в утке, та утка — в зайце, тот заяц — в кованом ларце, а тот ларец — на вершине старого дуба. А дуб тот в дремучем лесу растет.",0.610960437785779,"— Знаю, знаю! — говорит Баба-Яга. — Она теперь у злого Кощея Бессмертного. И рассказала она Ивану-царевичу, что смерть Кощея — на конце иглы, та игла — в яйце, то яйцо — в утке, та утка — в зайце, тот заяц — в ларце, а ларец — на старом дубе.","A2, B1"
"Вот пришли все три брата к царю, принесли каждый свой ковер. Царь прежде взял ковер у старшего царевича, посмотрел и молвил:",0.422928868323366,"Утром пришли все три брата к царю, принесли каждый свой ковёр. Царю ковры старших царевичей не понравились. А ковёр Ивана-царевича царь приказал использовать только в большие праздники.","A2, B1"
"Жил старик со своею старухой У самого синего моря; Они жили в ветхой землянке Ровно тридцать лет и три года. Старик ловил неводом рыбу, Старуха пряла свою пряжу. Раз он в море закинул невод, — Пришел невод с одною тиной. Он в другой раз закинул невод, Пришел невод с травой морскою. В третий раз закинул он невод, — Пришел невод с одною рыбкой, С непростою рыбкой, — золотою. Как взмолится золотая рыбка! Голосом молвит человечьим: «Отпусти ты, старче, меня в море, Дорогой за себя дам откуп: Откуплюсь чем только пожелаешь». Удивился старик, испугался: Он рыбачил тридцать лет и три года И не слыхивал, чтоб рыба говорила. Отпустил он рыбку золотую И сказал ей ласковое слово: «Бог с тобою, золотая рыбка! Твоего мне откупа не надо; Ступай себе в синее море, Гуляй там себе на просторе».",0.23940707054675,"Жили-были старик со старухой около синего моря. Они жили в старом маленьком доме тридцать лет и три года. Старик ловил рыбу, а старуха пряла пряжу. Однажды пошёл старик к морю, бросил сеть, но ничего не поймал. Второй раз бросил он сеть в море, но вытащил только траву морскую. Третий раз бросил старик сеть в море и вытащил одну золотую рыбку. Заговорила вдруг золотая рыбка человеческим голосом, попросила старика отпустить её обратно в море и пообещала исполнить любое его желание. ","A2, B1"
"Вышли братья на широкий отцовский двор, натянули свои тугие луки и выстрелили.",0.499154678145512,"Вышли братья на широкий двор, выстрелили. Полетели их стрелы в разные стороны.","A2, B1"
"Пожалел Иван-царевич селезня — не тронул его, пошел дальше голодный.",0.328402354690698,Пошёл Иван-царевич голодным дальше.,"A2, B1"
"А старшие братья явились во дворец со своими женами, разодетыми, разубранными. Стоят да над Иваном-царевичем посмеиваются:",0.335325991783904,"Братья пришли со своими женами, одетыми в дорогую одежду. Стали они смеяться над Иваном:","A2, B1"
"Положила каравай на золотое блюдо, проводила Ивана-царевича к отцу.",0.170392521164207,"Утром проснулся Иван-царевич, взял хлеб и пошёл к отцу.","A2, B1"
"— Как мне не печалиться! — отвечает Иван-царевич. — Приказал мой батюшка, чтобы ты сама испекла к утру каравай хлеба…",0.193399399326496,"На следующий день сказал царь, чтобы жёны испекли хлеб.","A2, B1"
"— Не тужи, Иван-царевич! Ложись-ка лучше спать-почивать: утро вечера мудренее!",0.705336104676927,"— Не грусти, Иван-царевич! Ложись лучше спать: утро вечера мудренее!","A2, B1"
"Барин говорит: «Давай, мужик, меняться на тулуп». Мужик говорит: «Барин, придачу надо!» — «Сколько?» — «Пятерочку».",0.086315295740806,Мужик отвечает:  ,B1
"Думали, думали старик со старухой — ничего придумать не могут: всё, что нужно, у них есть, а чего нет, то они своими трудами всегда заработать могут. Встал старик с лавки и говорит:",0.158670144467052,Вдруг старик говорит:,B1
"— Сходи-ка ты в лес, старик, выруби деревце, сделаем новую прялку да ручку к ножу.",0.458857437872295,"— Пойди в лес, сруби деревце. Сделаем новую прялку и ручку для ножа,— сказала старуха.",B1
"— Ну, хочешь, попросим большое-пребольшое стадо коров и овец?",0.335647128365716,"— Хочешь, попросим много коров и овец? — говорит старик.",B1
"Обрадовался царевич, разбил яйцо, достал иглу и отломил у нее кончик. И только отломил — умер Кощей Бессмертный, прахом рассыпался.",0.518870714700397,"Обрадовался царевич, разбил яйцо, достал иглу, сломал её, и Кощей Бессмертный сразу умер.","A2, B1"
"— Ах, Иван-царевич, что же ты наделал! Если бы ты еще три дня подождал, я бы вечно твоею была. А теперь прощай, ищи меня за тридевять земель, за тридевять морей, в тридесятом царстве, в подсолнечном государстве, у Кощея Бессмертного. Как три пары железных сапог износишь, как три железных хлеба изгрызешь — только тогда и разыщешь меня…",0.532076979945881,"— Ах, Иван-царевич, что же ты сделал! Если бы ты еще три дня подождал, я бы всегда твоей была, а теперь прощай, ищи меня у Кощея Бессмертного.","A2, B1"
"Старик не осмелился перечить, Не дерзнул поперек слова молвить. Вот идет он к синему морю, Видит, на море черная буря: Так и вздулись сердитые волны, Так и ходят, так воем и воют. Стал он кликать золотую рыбку. Приплыла к нему рыбка, спросила: «Чего тебе надобно, старче?» Ей старик с поклоном отвечает: «Смилуйся, государыня рыбка! Что мне делать с проклятою бабой? Уж не хочет быть она царицей, Хочет быть владычицей морскою; Чтобы жить ей в Окияне-море, Чтобы ты сама ей служила И была бы у ней на посылках». Ничего не сказала рыбка, Лишь хвостом по воде плеснула И ушла в глубокое море. Долго у моря ждал он ответа, Не дождался, к старухе воротился — Глядь: опять перед ним землянка; На пороге сидит его старуха, А пред нею разбитое корыто.",0.380207695236927,"И опять пошёл старик к синему морю. Видит, что на море сильная буря. Стал он звать золотую рыбку. Приплыла к нему рыбка, спросила, чего он хочет. Поклонился старик, рассказал ей о новом желании старухи. Ничего не сказала золотая рыбка и ушла в глубокое море. Долго старик  ждал ответа около моря, но не вернулась золотая рыбка, не дала ему ответа. Вернулся старик к старухе. Опять видит их старый дом. Рядом сидит его старуха, а перед ней разбитое корыто. ","A2, B1"
"Взяла старуха крылышко, по коробу поскребла, по сусеку помела и наскребла муки горсти две.
Замесила муку на сметане, состряпала колобок, изжарила в масле и на окошко студить положила.",0.133944216623731,"Бабка поискала и нашла немного муки. Испекла колобок. Он был горячий, поэтому бабка положила его на окно.",A1
"Колобок вскочил Лисе на нос и запел погромче ту же песенку.
А Лиса опять ему:
— Колобок, Колобок, сядь ко мне на язычок да пропой в последний разок.
Колобок прыг Лисе на язык, а Лиса его — гам! — и съела.",0.338813822465368,"А Лиса говорит: — Ах, песенка хорошая, но я плохо слышу. Колобок, Колобок, сядь ко мне на нос и спой ещё раз. Колобок сел Лисе на нос, начал петь, а она его — ам! — и съела.",A1
"Вот пришли все три брата к царю, принесли каждый свой ковер. Царь прежде взял ковер у старшего царевича, посмотрел и молвил:",0.253165016593254,"Пришли и старшие братья, принесли каждый свой хлеб. Царь был очень недоволен, потому что хлеб был некрасивым и невкусным.","A2, B1"
"— Не убивай меня, Иван-царевич! Будет время — я тебе пригожусь.",0.708364558323133,"— Не убивай меня, Иван-царевич! Я тебе пригожусь.","A2, B1"
"Рубит мужик дрова. Мороз градусов тридцать пять. Так расстарался мужик, что ему стало жарко. Он снял с себя кафтан и положил на пень. И старается — рубит дрова. Пот с него градом. Едет барин на тройке. Кучеру говорит: «Остановись!» Подзывает барин мужика, говорит: «Мужик, что такое — мне в тулупе холодно, а ты в одной рубахе — и пот градом?». Мужик и говорит: «Что мне твой тулуп! У меня кафтан волшебный. На пне лежит, а мне жарко».",0.234605400330812,"— Мужик, почему мне в шубе холодно, а ты в одной рубашке, и с тебя пот градом?  ",B1
"— Не убивай меня, Иван-царевич! Будет время — я тебе пригожусь.",0.708364558323133,"— Не убивай меня, Иван-царевич! Я тебе пригожусь.","A2, B1"
"— Ква-ква, Иван-царевич, — говорит лягушка-квакушка, — почему так печалишься? Или услышал от отца своего слово недоброе?",0.455232832461431,"— Ква-ква, Иван-царевич, — говорит лягушка, — почему ты такой грустный? Рассказал Иван жене о новом задании отца.","A2, B1"
"Выбрал Иван-царевич лучшего скакуна из Кощеевой конюшни, сел на него с Василисой Премудрой и воротился в свое царство-государство.",0.346207260592951,Вышла из дворца Василиса Премудрая. Сели Иван-царевич и Василиса Премудрая на коня и вернулись в своё царство-государство.,"A2, B1"
"Рубит мужик дрова. Мороз градусов тридцать пять. Так расстарался мужик, что ему стало жарко. Он снял с себя кафтан и положил на пень. И старается — рубит дрова. Пот с него градом. Едет барин на тройке. Кучеру говорит: «Остановись!» Подзывает барин мужика, говорит: «Мужик, что такое — мне в тулупе холодно, а ты в одной рубахе — и пот градом?». Мужик и говорит: «Что мне твой тулуп! У меня кафтан волшебный. На пне лежит, а мне жарко».",0.35726082048385,"Рубил мужик дрова. Мороз был очень сильный — градусов тридцать пять. Мужик так старался, что ему стало жарко. Снял он свой кафтан, положил на пень и продолжил рубить дрова. Пот градом с мужика.  Мимо ехал барин на тройке лошадей, увидел мужика и остановился.    Зовёт его и спрашивает:  ",B1
"Успокоила она его, он снова заснул, а она опять ушла от него. И когда нагулялась по дворцу, приходит к Емеле и удивляется: Емеля стоит перед зеркалом и ругается: «Я очень некрасивый и нехороший! Какое у меня страшное лицо!» А царевна ему отвечает: «Хотя ты нехорош и непригож, а сердцу моему очень мил, и я тебя люблю!» Тогда он сказал: «По щучьему веленью, а по моему прошенью, я должен сделаться самым красивым молодцем!»",0.24413638502248,"Стали Емеля с царевной жить в этом дворце. Жили они дружно и счастливо. Посмотрел однажды Емеля в зеркало и удивился, за что любит его, такого некрасивого и ленивого, красавица-царевна? Захотел он стать для своей любимой красивым молодцем. Сказал Емеля волшебные слова: «По щучьему велению, по моему хотению...», — и стал он высоким и красивым. И они стали жить ещё лучше.","B1, B2"
"Жены старших царевичей увидели это — и туда же: чего не допьют — в рукав льют, чего не доедят — в другой кладут. А к чему, зачем — того и сами не знают.",0.138679930522547,Жёны старших царевичей позвали много помощниц для этой работы.,"A2, B1"
"— Будь по-вашему, — Лесной Дед отвечает.",0.262101409818752,Согласился Лесной Дед.,B1
"— Ну, сынки мои дорогие, теперь вы все трое женаты. Хочется мне узнать, умеют ли ваши жены хлебы печь. Пусть они к утру испекут мне по караваю хлеба.",0.160007849757397,- Пусть каждая жена соткёт мне ковёр.,"A2, B1"
"Прицелился он, а медведь вдруг и говорит ему человеческим голосом:",0.323767352712841,"Увидел Иван-царевич лягушку, хотел убежать, а лягушка говорит человеческим голосом:","A2, B1"
"И опять покатился — только Медведь его и видел!
Катится Колобок, навстречу ему Лиса:
— Колобок, Колобок, куда катишься?",0.314775423932943,И покатился Колобок дальше.,A1
"И живут-поживают с тех пор старик со старухой. Старик ивовые прутья режет, корзинки плетёт, старуха шерсть прядёт, рукавицы вяжет.",0.422198182632826,"И живут с тех пор старик со старухой. Старик корзины плетёт, а старуха пряжу прядёт. Хорошо и счастливо живут! ",B1
"Иван-царевич, сидя на сером волке вместе с прекрасною королевною Еленою, возлюбил ее сердцем, а она Ивана-царевича; и когда серый волк прибежал в государство царя Афрона и Ивану-царевичу надобно было отвести прекрасную королевну Елену во дворец и отдать царю, тогда царевич весьма запечалился и начал слезно плакать.",0.372110466618325,"Сел Иван-царевич на волка, и поехали они в государство царя Афрона, где жил конь златогривый. И там ждала Ивана-царевича неудача: схватили его и привели к царю Афрону. Обещал царь Афрон отдать коня златогривого Ивану-царевичу, если привезёт он из соседнего государства королевну Елену Прекрасную. Сел Иван на Серого Волка и поехал за королевной. В этот раз волк решил сам похитить королевну, а Ивану-царевичу сказал ждать его. Только вышла в сад гулять Елена Прекрасная, схватил её волк и тут же побежал обратно к Ивану-царевичу. Прибежал к нему, посадил себе на спину королевну и Ивана царевича, и поехали они обратно.","B1, B2"
"Жили-были в старой избушке старик со своей старухой. Старик ивовые прутья режет, корзинки плетёт, а старуха лён ткёт. Тем и кормятся.",0.248455391871116,"Жили-были старик со старухой. Старик плёл корзины, а старуха пряла пряжу. Так они зарабатывали себе на жизнь.  ",B1
"— Ах, Иван-царевич, — молвила щука, — сжалься надо мной, не ешь меня, брось лучше в синее море!",0.5025017779766,"— Ах, Иван-царевич, — сказала щука, - брось меня в синее море! Я тебе пригожусь.","A2, B1"
Дошла очередь и до Ивана-царевича. Принял царь от него каравай и сказал:,0.307409194662693,Взял царь хлеб у Ивана-царевича и сказал:,"A2, B1"
"Сходил Емеля за женой, подходят они к царю, а царь очень удивился и перепугался, не знает, что и делать! Спрашивает: «Неужто это ты, моя дорогая дочь?» — «Да, я, дражайший родитель! Ты меня и моего супруга бросил в засмолённой бочке в море, а мы выплыли на этот остров, и мой Емельян Иванович все сам это устроил, что вы видите своими очами». — «Как же так? Ведь он был дурак и даже был не похож на человека, а скорее на какое-то чудовище!» — «Он самый, только теперь переродился и изменился». Тогда царь просит у них прощения — как у дочери, так и у любимого зятя Емельяна Ивановича; они ему вину простили.",0.245448216303786,"Однажды плыл на корабле по морю царь и увидел остров, а на острове дворец. Остановился корабль около острова, и царь пошёл во дворец, где жили Емеля с царевной. Не сразу царь узнал Емелю, так как стал он совсем другим человеком. Перед царём стоял не грязный, глупый, ленивый Емеля, а красивый молодец Емельян. А когда понял царь, кто стоит перед ним, долго просил прощения за своё злое дело. Простили царя Емельян с царевной и жили все долго и счастливо.","B1, B2"
"Едучи путем-дорогою, близко ли, низко ли, высоко ли, скоро сказка сказывается, да не скоро дело делается, наконец приехал он в чистое поле, в зеленые луга. А в чистом поле стоит столб, а на столбу написаны эти слова: «Кто поедет от столба сего прямо, тот будет голоден и холоден; кто поедет в правую сторону, тот будет здрав и жив, а конь его будет мертв; а кто поедет в левую сторону, тот сам будет убит, а конь его жив и здрав останется».",0.392436432709228,"Ехал Иван-царевич, ехал и увидел большой камень, на котором было написано: «Кто поедет прямо, тот будет голодным; кто поедет направо, тот будет живым и здоровым, но конь его будет мертв; а кто поедет налево, тот будет убит.» Иван-царевич прочитал эту надпись и поехал направо.","B1, B2"
"— А на что нам, старик? Нам с ним и не управиться будет. Есть у нас коровушка — молоко даёт, есть шесть овечек — шерсть дают. На что нам больше? Не надо!",0.43068035004117,"— Зачем нам много коров и овец? У нас есть одна корова, которая молоко даёт. Есть шесть овец, которые шерсть дают. Больше нам не надо!",B1
"— А может быть, старуха, мы у Лесного Деда тысячу курочек попросим?",0.697836199222991,"— А может быть, старуха, мы у Лесного Деда тысячу курочек попросим? — спрашивает старик.",B1
"— Ну, старуха, чего мы у Лесного Деда просить будем? Хочешь — много-много денег попросим? Он даст.",0.645500637629374,"— Ну, старуха, что мы у Лесного Деда просить будем? Хочешь — много денег попросим?",B1
"— Надумал, — старик говорит. — Сделай так, чтобы наша прялка да ножик никогда не ломались да чтобы руки у нас всегда здоровыми были. Тогда мы всё, что нам нужно, сами себе заработаем.",0.602143866839031,"— Придумал, — отвечает старик. — Сделай так, чтобы прялка и нож никогда не ломались, а наши руки всегда здоровыми были. Тогда всё, что нам нужно, мы своим трудом заработаем.",B1
"— Не тужи, Иван-царевич! Ложись-ка лучше спать-почивать: утро вечера мудренее!",0.655860014716325,"— Не грусти, Иван-царевич! Ложись спать: утро вечера мудренее!","A2, B1"
"— И то верно, пойду.",0.288349420771647,"— Хорошо, пойду!",B1
Рассказал Иван-царевич старику свое горе.,0.179899026393086,"Пришёл Иван-царевич домой невесёлый, рассказал лягушке о задании царя, а она ему в ответ:","A2, B1"
"Пошёл старик в лес. Приглядел он хорошее деревце. Только замахнулся он топором, а из чащи Лесной Дед выходит. В мохнатые ветки одет, в волосах шишки еловые, в бороде шишки сосновые, седые усы до земли висят, глаза огоньками зелёными горят.",0.211931035859952,"Пришёл старик в лес, увидел хорошее деревце и хотел срубить его. Вдруг выходит Лесной Дед и говорит:",B1
Пошел Иван-царевич к царю на пир один.,0.365847406524145,"На следующий день лягушка сказала Ивану-царевичу, чтобы он ехал на праздник один и ждал её там. Пошёл Иван-царевич к царю на праздник один.","A2, B1"
"Уложила квакушка царевича спать, а сама сбросила с себя лягушечью кожу и обернулась красной девицей Василисой Премудрой — такой красавицей, что ни в сказке сказать, ни пером описать!",0.301115495102095,"Лёг царевич спать, а лягушка вдруг стала красивой девушкой Василисой Премудрой. Испекла она хлеб мягкий и очень красивый.","A2, B1"
"Уложила его квакушка спать, а сама сбросила с себя лягушечью кожу, обернулась красной девицей Василисой Премудрой и стала ковер ткать. Где кольнет иглой раз — цветок зацветет, где кольнет другой раз — хитрые узоры идут, где кольнет третий — птицы летят…",0.215548358921718,"Лёг спать Иван, а лягушка снова превратилась в Василису Премудрую и стала ковёр ткать.","A2, B1"
"И вот, когда он набрал воды в проруби и хотел уже идти, увидел, как вдруг из проруби появилась щука. Он и подумал: «Хороший пирог испекут мне невестки!» Поставил ведра и схватил щуку; но щука вдруг заговорила человеческим голосом. Емеля хоть был дурак, но знал, что рыба не говорит человеческим голосом, и очень испугался. А щука ему сказала: «Отпусти ты меня в воду на свободу! Я тебе со временем пригожусь, буду исполнять все твои приказания. Ты только скажи: „По щучьему веленью, а по моему прошенью“ — и все для тебя будет».",0.329732175925017,"Было в семье три брата. Старшие братья работали, а младший брат Емеля был глупый и очень ленивый. Всё время лежал он на печи и спал. Однажды зимой взял Емеля вёдра и пошёл на реку за водой. Набрал он воды и увидел в ведре большую щуку. Заговорила с ним щука человеческим голосом, попросила отпустить её обратно в воду. Пожалел Емеля рыбу и отпустил в реку. Щука за его доброту обещала исполнять все его желания. Как только он чего захочет, он должен сказать волшебные слова: «По щучьему велению, по моему хотению...», — и все желания исполнятся. Емеля сразу захотел, чтобы вёдра с водой пошли домой сами, топор сам наколол дрова, а сани поехали домой сами.","B1, B2"
"И опять покатился — только Медведь его и видел!
Катится Колобок, навстречу ему Лиса:
— Колобок, Колобок, куда катишься?",0.314775423932943,И покатился Колобок дальше.,A1
"— Ну, сейчас эту щуку съем! Мочи моей больше нет — так есть хочется!",0.744496795782323,"— Ну, сейчас эту щуку съем! Так есть хочется!","A2, B1"
"Рассказала баба-яга Ивану-царевичу, как к тому дубу пробраться. Поблагодарил ее царевич и пошел.",0.416090388903142,Поблагодарил её царевич и пошёл дальше.,"A2, B1"
"Натянул свой тугой лук, стал целиться, а заяц говорит ему человеческим голосом:",0.573284124588505,А заяц говорит ему человеческим голосом:,"A2, B1"
"Смотрит Иван-царевич на дуб и не знает, что ему делать, как ларец достать.",0.72312376633413,"Смотрит Иван-царевич на дуб  и не знает, что ему делать.","A2, B1"
"— Колобок, Колобок, я тебя съем!
— Не ешь меня, Серый Волк, я тебе песенку спою:
Я Колобок, Колобок,
Я по коробу скребен,
По сусеку метен,
На сметане мешон
Да в масле пряжон,
На окошке стужон.
Я от дедушки ушел,
Я от бабушки ушел,
Я от зайца ушел,
От тебя, волк, подавно уйду!",0.359048597164844,"Катится Колобок, а навстречу ему Волк: — Колобок, Колобок, я тебя съем! — Не ешь меня, Серый Волк, я тебе песенку спою: Я Колобок, Колобок, Я от дедушки ушёл, Я от бабушки ушёл, От Зайца ушёл,  От тебя, Волк, тоже уйду!",A1
"А уж селезень за уткой летит — прямо в голову клюет. Выронила утка яйцо, и упало то яйцо в синее море…",0.390874128261654,Выпало из утки яйцо и упало в синее море. Приплыла щука и принесла яйцо.,"A2, B1"
"Барин достает пять рублей, мужик берет их и подает барину кафтан, а у барина берет шубу. Барин надел кафтан и поехал. А мужик взял шубу и пошагал домой.",0.423783211254352,"Барин  дал мужику пять рублей, потом надел его кафтан и поехал дальше. А мужик взял шубу барина и пошёл домой. ",B1
"Я Колобок, Колобок,
Я по коробу скребен,
По сусеку метен,
На сметане мешон
Да в масле пряжон,
На окошке стужон.
Я от дедушки ушел,
Я от бабушки ушел,
Я от зайца ушел,
Я от волка ушел,
От тебя, медведь, подавно уйду!",0.084482879989018,Жили-были дедушка и бабушка. Однажды дед сказал бабке:,A1
"Тогда Емеля слезает с печи и надевает свой кафтан. Он очень боялся простуды. А кафтан — только что было название «кафтан» — висела заплата на заплате, весь был рваный. И вот царский слуга начинает его угощать. А Емеля скоро наелся гостинцев и уснул за столом на лавке. Тогда царский слуга приказал Емелю положить в экипаж свой и так, сонного, привез во дворец. Когда царь узнал, что Емеля прибыл, приказал выкатить сорокаведерную бочку и посадить в эту бочку царевну и Емелю-дурака. Когда посадили, бочку засмолили и опустили в море. А Емеля и в бочке спит непробудным сном. На третьи сутки стала его будить прекрасная царевна: «Емеля, а Емеля! Встань, проснись!» — «Не приставай ко мне. Я спать хочу!»",0.215402771445277,"Царю, конечно, не понравился ленивый и глупый жених, поэтому приказал он посадить царевну с Емелей в большую бочку и бросить в море. И опять помогло волшебство щуки: «По щучьему велению, по моему хотению...», — оказалась бочка на берегу острова. После освобождения пожелал Емеля, чтобы появился большой, красивый дворец, и снова исполнилось его желание.","B1, B2"
"Накормила она Ивана-царевича, напоила, в бане выпарила, а царевич рассказал ей, что он ищет жену свою, Василису Премудрую.",0.623664259966823,"Иван-царевич рассказал, что ищет жену свою, Василису Премудрую.","A2, B1"
"— Не тужи, Иван-царевич! Ложись-ка лучше спать-почивать: утро вечера мудренее!",0.705336104676927,"— Не грусти, Иван-царевич! Ложись лучше спать: утро вечера мудренее!","A2, B1"
"Барин достает пять рублей, мужик берет их и подает барину кафтан, а у барина берет шубу. Барин надел кафтан и поехал. А мужик взял шубу и пошагал домой.",0.267742695456074,"Едет барин, мороз всё сильнее, а кафтан не греет. Промёрз до костей барин и заболел. Долго он потом ругал мужика. А мужик шубу носил и барина хвалил.  ",B1
"Тогда Иван-царевич обещался царю Афрону королевну Елену Прекрасную достать, а сам пошел из палат его и горько заплакал.",0.326030845887104,"Ехали они, ехали, смотрел Иван-царевич на Елену Прекрасную, смотрел да и влюбился. Понял Серый Волк, что не хочет Иван-царевич красавицу отдавать царю Афрону, и решил ему опять помочь. Превратился волк в Елену Прекрасную и пошёл к царю. Обрадовался царь Афрон такой красавице и отдал Ивану коня златогривого. А когда Иван-царевич с настоящей королевной уехали, Серый волк стал опять волком и побежал за ними.","B1, B2"
"— Да-да, а у меня гляди-ка, ручка у ножа треснула, едва держится.",0.184266621067682,"— А у меня, — говорит старик, — ручка ножа сломалась.",B1
"Думали, думали старик со старухой — ничего придумать не могут: всё, что нужно, у них есть, а чего нет, то они своими трудами всегда заработать могут. Встал старик с лавки и говорит:",0.11390993675715,Однажды старуха говорит:,B1
"Вот сыграли три свадьбы, поженились царевичи: старший царевич — на боярышне, средний — на купеческой дочери, а Иван-царевич — на лягушке-квакушке.",0.367535160757031,Вот сыграли три свадьбы.,"A2, B1"
Пришел он домой невеселый. Спрашивает его квакушка:,0.351376784678854,Пришел Иван-царевич домой невесёлый. А лягушка говорит:,"A2, B1"
Пришел он домой невеселый. Спрашивает его квакушка:,0.251565471021976,А Иван-царевич опять пришёл домой невесёлый.,"A2, B1"
"Рассказал и Иван-царевич. Стали братья над ним смеяться, а отец говорит:",0.58911851856552,"Подумал-подумал Иван-царевич, взял лягушку и принес домой. Старшие братья рассказали отцу о своих невестах, рассказал и Иван-царевич. Стали братья над ним смеяться, а отец сказал:","A2, B1"
"Старичок отправился к морю, (Почернело синее море.) Стал он кликать золотую рыбку. Приплыла к нему рыбка, спросила: «Чего тебе надобно, старче?» Ей с поклоном старик отвечает: «Смилуйся, государыня рыбка! Опять моя старуха бунтует: Уж не хочет быть она дворянкой, Хочет быть вольною царицей». Отвечает золотая рыбка: «Не печалься, ступай себе с богом! Добро! будет старуха царицей!»",0.277890355401855,"Испугался старик и попросил старуху отказаться от такого желания. Но старуха ещё больше рассердилась, ударила мужа и приказала идти к морю. Четвёртый раз пошёл старик к синему морю. Видит, почернело синее море. Позвал он золотую рыбку. Приплыла к нему рыбка, спросила, чего он хочет. Рассказал ей старик о желании старухи. Пообещала золотая рыбка, что будет старуха царицей. ","A2, B1"
"И опять покатился — только Медведь его и видел!
Катится Колобок, навстречу ему Лиса:
— Колобок, Колобок, куда катишься?",0.420201244398537,"Катится Колобок, навстречу ему Лиса: — Колобок, Колобок, куда катишься? — Никуда. — Колобок, Колобок, спой мне песенку! Колобок запел: Я Колобок, Колобок, Я от дедушки ушёл, Я от бабушки ушёл, От Зайца ушёл,  От Волка ушёл,  От Медведя ушёл,  От тебя, Лиса, тоже уйду!",A1
"— Да что ты, старик, чего выдумал? Чем же мы их кормить станем? Что с ними делать будем? Есть у нас три курочки-хохлатки, есть Петя-петушок — нам и довольно.",0.372693284296575,"— Что ты, старик, придумал? — отвечает старуха. — Чем мы тысячу курочек  кормить будем? Есть у нас три курочки, есть петух. Нам больше не надо!",B1
Пришел он домой невеселый. Спрашивает его квакушка:,0.181422362226747,Баба-Яга спрашивает:,"A2, B1"
"Барин говорит: «Давай, мужик, меняться на тулуп». Мужик говорит: «Барин, придачу надо!» — «Сколько?» — «Пятерочку».",0.078472752905594,"— Согласен, давай меняться, но мне ещё деньги нужны. ",B1
"Только подумал, а медведь тут как тут: прибежал и выворотил дуб с корнями. Ларец упал с вершины и разбился на мелкие кусочки.",0.39118013146815,Тут появился медведь и сломал дуб. Ларец упал и разбился.,"A2, B1"
"— Ква-ква, Иван-царевич! Поди ко мне, бери свою стрелу, а меня возьми замуж.",0.573584922168981,"— Ква-ква, не убегай, Иван-царевич, а возьми меня замуж.","A2, B1"
"В некотором царстве, в некотором государстве жил-был царь, и было у него три сына. Младшего звали Иван-царевич. Позвал однажды царь сыновей и говорит им: ",0.221680419292801,"Позвал однажды царь сыновей, дал им лук и стрелы и сказал: ""Пришло время вам жениться. Куда упадёт стрела, там и невесту найдёте"".","A2, B1"
"— Ох, дед, трудно нам стало работать: у меня прялка сломалась!",0.564701413657352,"— Ой, старик, трудно нам стало работать, и прялка у меня сломалась!",B1
На другой день после свадьбы призвал царь своих сыновей и говорит:,0.222086548469384,Решил царь пригласить всех сыновей с жёнами к себе на праздник.,"A2, B1"
"— А на что нам, старик? Нам их и прятать негде. Нет, старик, не надо нам денег!",0.363546505634327,"— А зачем нам деньги, старик? — отвечает старуха. — Нам негде их прятать. Не нужны нам деньги.",B1
"Вот пошел он к синему морю, (Помутилося синее море.) Стал он кликать золотую рыбку, Приплыла к нему рыбка, спросила: «Чего тебе надобно, старче?» Ей старик с поклоном отвечает: «Смилуйся, государыня рыбка! Еще пуще старуха бранится, Не дает старику мне покою: Избу просит сварливая баба». Отвечает золотая рыбка: «Не печалься, ступай себе с богом, Так и быть: изба вам уж будет». Пошел он ко своей землянке, А землянки нет уж и следа; Перед ним изба со светелкой, С кирпичною, беленою трубою, С дубовыми, тесовыми вороты. Старуха сидит под окошком, На чем свет стоит мужа ругает. «Дурачина ты, прямой простофиля! Выпросил, простофиля, избу! Воротись, поклонися рыбке: Не хочу быть черной крестьянкой, Хочу быть столбовою дворянкой».",0.192508356404881,"Вернулся старик домой и видит новую, большую и красивую избу.  Сидит под окном старуха и старика ругает. Говорит, что мало ей новой избы. Не хочет она быть бедной крестьянкой, а хочет быть богатой дворянкой. ","A2, B1"
"— Не убивай меня, Иван-царевич! Будет время — я тебе пригожусь.",1,"— Не убивай меня, Иван-царевич! Будет время — я тебе пригожусь.","A2, B1"
"Жил старик со своею старухой У самого синего моря; Они жили в ветхой землянке Ровно тридцать лет и три года. Старик ловил неводом рыбу, Старуха пряла свою пряжу. Раз он в море закинул невод, — Пришел невод с одною тиной. Он в другой раз закинул невод, Пришел невод с травой морскою. В третий раз закинул он невод, — Пришел невод с одною рыбкой, С непростою рыбкой, — золотою. Как взмолится золотая рыбка! Голосом молвит человечьим: «Отпусти ты, старче, меня в море, Дорогой за себя дам откуп: Откуплюсь чем только пожелаешь». Удивился старик, испугался: Он рыбачил тридцать лет и три года И не слыхивал, чтоб рыба говорила. Отпустил он рыбку золотую И сказал ей ласковое слово: «Бог с тобою, золотая рыбка! Твоего мне откупа не надо; Ступай себе в синее море, Гуляй там себе на просторе».",0.275454604138237,"Старик удивился и испугался, потому что он ловил рыбу тридцать лет и три года и никогда не слышал, что рыба может говорить.  Отпустил добрый старик золотую рыбку в море и сказал, что ничего ему не надо. Вернулся старик к старухе и рассказал ей, что поймал он золотую рыбку, которая говорила человеческим голосом. Обещала рыбка старику исполнить любое его желание, если отпустит он её в море. Рассердилась старуха на старика, начала ругать его, что не попросил он у золотой рыбки даже новое корыто. ","A2, B1"
"Барин говорит: «Давай, мужик, меняться на тулуп». Мужик говорит: «Барин, придачу надо!» — «Сколько?» — «Пятерочку».",0.110537138487325,— Сколько? — спрашивает барин.  ,B1
"Долго он по дремучим лесам пробирался, в топях болотных вяз и пришел наконец к Кощееву дубу. Стоит тот дуб, вершиной в облака упирается, корни на сто верст в земле раскинул, ветками красное солнце закрыл. А на самой его вершине — кованый ларец.",0.176006892919055,"Долго он шёл и пришёл к дубу. Дуб был очень большой и высокий, а на самом верху висел ларец.","A2, B1"
Старик и спрашивает:,0.327019077638172,Пошёл старик в лес. Навстречу ему Лесной Дед выходит и спрашивает:,B1
— Вот этот хлеб только в большие праздники есть!,0.835538732908636,— Этот хлеб только в большие праздники есть!,"A2, B1"
"Сказала, обернулась белой лебедью и улетела в окно.",0.4593598587022,"Сказала, превратилась в лебедя и вылетела в окно.","A2, B1"
"И только въехал царский слуга во двор царя, как влетает и Емеля-дурак на своей печи. Слуга увидел, что он приехал, и побежал докладывать царю. Заинтересовало такое прибытие не только царя, но и всю его свиту и все его семейство. Все вышли смотреть на Емелю, а он сидит на печи и разинул рот. И вышла царская дочь. Когда Емеля увидал такую красавицу, то очень она ему понравилась, и он сказал про себя тихим голосом: «По щучьему велению, по моему прошению, влюбись, красавица, в меня». А царь ему приказывает слезать с печи; Емеля отвечает: «Это зачем? Мне и на печи тепло, я вас всех и с печи вижу... Что нужно, говори!» Царь ему тогда строгим голосом сказал: «Зачем ты много народа примял, когда ездил в санях?» — «А что они не сворачивают? И ты бы стоял разинув рот, и тебя бы задавил!»",0.275514441797744,"Когда об этих чудесах узнал царь, он позвал Емелю во дворец. Емеля был таким ленивым, что идти пешком не захотел. Сказал он волшебные слова и поехал в царский дворец на печи. Во дворце увидел он царскую дочь-красавицу и захотел, чтобы она в него влюбилась. Сказал: «По щучьему велению, по моему хотению...», — и вот уже царевна влюбилась в глупого, грязного и ленивого Емелю. Попросила она отца-царя выдать её за Емелю замуж.","B1, B2"
"И стали они жить дружно, в любви и согласии.",0.942796521889774,"Стали они жить дружно, в любви и согласии.","A2, B1"
"Прицелился он, а медведь вдруг и говорит ему человеческим голосом:",0.42140602485986,"Шёл-шёл Иван-царевич и пришёл в тёмный лес. Увидел он медведя, хотел убить, а медведь ему человеческим голосом говорит:","A2, B1"
"Избушка по его слову повернулась к лесу задом, а к нему передом. Вошел Иван-царевич в избушку и видит: лежит на печи баба-яга — костяная нога. Увидела она царевича и говорит:",0.176912796358511,"Бросил он её в море, а сам дальше пошёл. Пришёл Иван в лес и увидел избушку, в которой жила Баба-Яга.","A2, B1"
Василиса Прекрасная,0.198001409331181,"Плохо девушке было жить в доме одной, поэтому Василиса Прекрасная ушла жить к незнакомой старушке. Там она стала шить красивые рубашки. Старушка посмотрела на эти рубашки и поняла, что их может носить только царь. 
 
Пошла старушка во дворец и подарила царю эти рубашки. Попросил царь показать ему мастерицу, которая эти рубашки сшила. Привела старушка Василису Прекрасную во дворец, царь влюбился в неё и взял в жёны. Так трудолюбивая, добрая девушка стала царицей.","A2, B1"
"— Зачем ко мне пожаловал, добрый молодец? Волей или неволей?",0.261530544673968,— Зачем пришёл?,"A2, B1"
"В то самое время братья Ивана-царевича, Димитрий и Василий-царевичи, ездя по разным государствам и не найдя жар-птицы, возвращались в свое отечество с порожними руками; нечаянно наехали они на своего сонного брата Ивана-царевича с прекрасною королевною Еленою.",0.362244932666682,"Доехали они до того места, где волк съел коня Ивана-царевича и стали прощаться. Серый Волк побежал по одной дороге, а Иван-царевич на златогривом коне вместе с королевной Еленой Прекрасной поехали по другой. Ехали они долго и решили отдохнуть. Легли на траву спать. В то самое время братья Ивана-царевича, Димитрий и Василий, тоже возвращались домой. Видят, спит их брат, а рядом прекрасная девица, жар-птица и конь златогривый. Решили они убить брата, а Елене Прекрасной приказали никому ничего не рассказывать.","B1, B2"
"Старичок отправился к морю, (Почернело синее море.) Стал он кликать золотую рыбку. Приплыла к нему рыбка, спросила: «Чего тебе надобно, старче?» Ей с поклоном старик отвечает: «Смилуйся, государыня рыбка! Опять моя старуха бунтует: Уж не хочет быть она дворянкой, Хочет быть вольною царицей». Отвечает золотая рыбка: «Не печалься, ступай себе с богом! Добро! будет старуха царицей!»",0.265747155095808,"Снова пошёл старик к морю, позвал золотую рыбку. Приплыла к нему рыбка, спросила, чего он хочет. Поклонился старик рыбке и сказал, что мало старухе нового корыта, просит теперь она новую избу. Пообещала золотая рыбка, что изба у них будет. ","A2, B1"
"Загоревал Иван-царевич. Снарядился, взял лук да стрелы, надел железные сапоги, положил в заплечный мешок три железных хлеба и пошел искать жену свою, Василису Премудрую.",0.336870294050656,Заплакал Иван-царевич и пошёл искать свою жену Василису Премудрую.,"A2, B1"
"Рубит мужик дрова. Мороз градусов тридцать пять. Так расстарался мужик, что ему стало жарко. Он снял с себя кафтан и положил на пень. И старается — рубит дрова. Пот с него градом. Едет барин на тройке. Кучеру говорит: «Остановись!» Подзывает барин мужика, говорит: «Мужик, что такое — мне в тулупе холодно, а ты в одной рубахе — и пот градом?». Мужик и говорит: «Что мне твой тулуп! У меня кафтан волшебный. На пне лежит, а мне жарко».",0.198735111081376,"Мужик отвечает:   — А мне шуба не нужна, потому что у меня кафтан волшебный! Мой кафтан на пне лежит, а мне жарко! ",B1
"Вот пошел он к синему морю; Видит, — море слегка разыгралось. Стал он кликать золотую рыбку, Приплыла к нему рыбка и спросила: «Чего тебе надобно, старче?» Ей с поклоном старик отвечает: «Смилуйся, государыня рыбка, Разбранила меня моя старуха, Не дает старику мне покою: Надобно ей новое корыто; Наше-то совсем раскололось». Отвечает золотая рыбка: «Не печалься, ступай себе с богом, Будет вам новое корыто». Воротился старик ко старухе, У старухи новое корыто. Еще пуще старуха бранится: «Дурачина ты, простофиля! Выпросил, дурачина, корыто! В корыте много ль корысти? Воротись, дурачина, ты к рыбке; Поклонись ей, выпроси уж избу».",0.285185514759049,"Вот пошёл старик к синему морю. Позвал он золотую рыбку. Приплыла к нему рыбка, спросила, чего он хочет. Старик поклонился рыбке и ответил, что его старуха хочет новое корыто. Обещала золотая рыбка исполнить желание старухи. Вернулся старик домой и увидел, что у старухи новое корыто. Но недовольна старуха, ещё больше старика ругает. Говорит, что мало ей корыта, нужна ей новая изба. ","A2, B1"
"Иван-царевич сел на серого волка, и поехали они в государство царя Долмата. Ехали они долго ли, коротко ли и, доехав до того государства, за три версты от города остановились. Иван-царевич начал просить серого волка:",0.312275532853085,"Ехал, он ехал и встретил большого Серого Волка. Съел волк коня, а молодому царевичу решил помочь. Сел Иван-царевич на Серого Волка и поехал за жар-птицей. Приехали они в царство-государство, где жила эта прекрасная птица. Перелез Иван-Царевич через стену, а там сад, а в саду жар-птица. Хотел Иван-царевич её поймать, но его схватили и привели к главе этого царства — царю Долмату. Послушал царь Долмат историю Ивана-царевича и обещал отдать жар-птицу его отцу, если приведет ему Иван-царевич коня златогривого из соседнего государства.","B1, B2"
"Пошел старик к синему морю; (Не спокойно синее море.) Стал он кликать золотую рыбку. Приплыла к нему рыбка, спросила: «Чего тебе надобно, старче?» Ей с поклоном старик отвечает: «Смилуйся, государыня рыбка! Пуще прежнего старуха вздурилась, Не дает старику мне покою: Уж не хочет быть она крестьянкой, Хочет быть столбовою дворянкой». Отвечает золотая рыбка: «Не печалься, ступай себе с богом».",0.247684762934605,"Третий раз пошёл старик к синему морю. Неспокойно синее море. Позвал старик золотую рыбку. Рассказал ей, чего хочет старуха. Обещала рыбка исполнить желание старухи – сделать её богатой дворянкой. Вернулся старик к старухе и видит высокий терем. Стоит на крыльце его старуха в дорогой одежде, а рядом с ней её слуги. Спросил старик старуху: «… теперь твоя душенька довольна?» На него крикнула старуха и послала работать на конюшню. Вот прошло две недели и опять старуха приказывает старику идти к золотой рыбке. Уже не хочет она быть богатой дворянкой, а хочет быть вольной царицей.","A2, B1"
"Иван-царевич, сидя на сером волке вместе с прекрасною королевною Еленою, возлюбил ее сердцем, а она Ивана-царевича; и когда серый волк прибежал в государство царя Афрона и Ивану-царевичу надобно было отвести прекрасную королевну Елену во дворец и отдать царю, тогда царевич весьма запечалился и начал слезно плакать.",0.318382641152476,"Убили братья Ивана, забрали жар-птицу, коня, королевну и уехали. Понял Серый Волк, что беда случилась и прибежал, а как помочь — не знает. Поймал он ворона и попросил его принести живой воды. Полетел ворон и принёс живой воды. Полил Серый Волк Ивана-царевича живой водой, ожил Иван-царевич. Рассказал ему волк о том, что случилось, и посоветовал скорее в своё царство-государство ехать. Сел Иван на волка, и они быстро добрались до дворца царя-отца. А там уже свадьба: женится старший брат Василий на Елене Прекрасной. Когда вошёл Иван-царевич во дворец, увидела его королевна Елена Прекрасная, подбежала к нему, стала обнимать да целовать. Рассказала она царю-отцу, что братья убили Ивана и её обещали убить, если она об этом расскажет. Рассердился царь-отец и отправил старших братьев в темницу. А Иван-царевич женился на прекрасной королевне Елене, и стали они жить-поживать да добра наживать.","B1, B2"
